"abschluss";"studiengang";"[FILTER] zugang_note";"info_1";"info_2";"info_3";"info_4";"info_5";"info_ausr";"offen"
3;2;;1;0;0;0;5;6;"Culpa veniam elit dolor incididunt mollit esse commodo consectetur proident elit consequat pariatur. Nulla sit aute tempor amet reprehenderit deserunt dolor culpa ea esse ad irure. Magna non elit incididunt pariatur sed ullamco."
4;4;;1;0;3;0;0;5;"-"
4;1;;1;0;3;0;0;3;"."
2;1;1,3;0;0;3;4;0;5;"[Freitextfeld]"
4;4;;1;2;0;0;5;5;""
2;4;1,6;0;0;0;0;0;5;"Veniam sunt consequat sit occaecat elit qui eiusmod aliquip ex ea excepteur proident sit. Id commodo occaecat ut elit occaecat do."
2;4;2,7;1;0;3;0;0;6;""
3;3;;1;2;0;0;0;5;"Lorem ipsum dolor sit amet."
1;2;1,3;1;0;3;0;0;6;""
3;2;;1;2;0;4;0;5;"Occaecat eiusmod non anim ex voluptate anim est non sit tempor sunt. Dolore consequat pariatur aute exercitation esse aute occaecat cupidatat sint dolor culpa reprehenderit. Sit ad commodo aute incididunt irure in laborum ut ea adipiscing ipsum nostrud."
1;3;2,3;1;2;0;0;0;4;""
4;4;;1;2;0;0;0;2;""
4;4;;0;0;0;4;0;6;"Cillum cupidatat dolor in culpa veniam minim dolor excepteur cupidatat commodo officia duis et. Laboris pariatur minim elit mollit aliquip."
3;3;;1;2;0;0;0;4;""
2;1;2,2;1;0;3;4;0;4;"Ad sunt ullamco veniam occaecat. Sunt lorem ad aliqua consequat sint aute quis minim ullamco fugiat."
2;4;1,3;0;0;0;4;0;5;""
2;1;1,9;1;0;3;0;0;5;""
3;2;;1;0;3;0;0;3;""
2;1;2,3;1;2;3;4;0;4;""
1;3;2;1;0;0;0;0;5;""
2;4;3,1;0;0;3;0;0;3;""
1;3;1,7;0;2;0;0;0;4;"Lorem ipsum dolor sit amet."
1;3;2,6;1;2;0;4;5;6;""
4;1;;1;0;3;4;0;4;""
4;1;;1;2;0;4;0;2;""
2;1;2,1;1;2;3;0;5;5;""
2;1;1,9;1;2;0;0;0;5;""
3;3;;0;0;3;0;0;6;""
2;1;1,6;1;0;3;0;0;3;""
2;1;2,3;1;2;3;0;0;2;"Aliqua commodo fugiat id sit. Ullamco ea commodo et deserunt in."
3;2;;1;0;3;0;5;2;""
2;4;1,4;1;2;3;0;0;4;"Laboris laborum ea nisi reprehenderit nostrud."
1;3;2,5;1;2;3;0;0;2;""
4;1;;1;2;0;0;0;6;""
3;2;;1;0;3;4;0;5;""
4;4;;0;0;0;0;0;0;""
2;1;1,3;1;0;3;0;0;5;""
4;1;;1;2;3;0;0;1;""
4;1;;1;2;0;4;0;4;""
4;1;;1;2;0;0;0;3;""
1;2;2,4;1;0;0;4;0;5;""
3;3;;0;0;0;0;0;4;""
1;2;2,6;1;0;0;4;0;1;""
3;2;;1;0;0;0;0;4;""
3;2;;1;0;0;4;0;4;""
4;1;;0;2;0;0;0;6;""
4;1;;1;0;0;0;0;5;""
2;1;2,1;1;0;0;4;0;4;""
1;2;1,9;1;2;3;0;0;6;""
1;3;1,6;1;2;3;4;0;6;""
4;1;;1;0;0;0;0;1;""
3;3;;1;2;3;4;0;6;""
2;1;2,3;1;0;3;0;0;6;"Lorem magna nisi aliqua culpa occaecat irure aliquip aliquip non. Nostrud tempor esse fugiat dolor do occaecat anim ut enim eiusmod non sunt commodo."
1;2;2,4;1;0;3;0;0;5;""
1;2;1,6;1;0;3;0;0;6;""
4;1;;1;2;0;0;0;5;""
1;2;2;1;0;3;0;0;6;""
4;4;;1;0;0;0;0;5;""
3;2;;1;0;0;4;0;0;""
2;4;2,5;1;2;3;0;0;6;""
1;3;1,3;1;0;0;4;0;3;""
4;4;;1;0;0;0;0;5;""
1;2;1,7;1;2;3;4;0;5;""
2;1;2,8;1;0;0;0;0;5;""
4;1;;1;0;3;0;0;5;""
1;3;2,1;1;0;3;4;0;5;""
2;1;1,9;1;2;0;0;0;4;""
4;1;;1;0;0;0;0;2;""
3;2;;1;2;0;4;0;6;""
1;2;1,7;1;0;3;0;0;4;""
2;1;2,1;1;0;3;0;0;5;""
1;3;2,9;1;0;3;0;0;6;""
1;2;2,9;1;2;0;0;5;5;""
1;3;1,8;0;2;0;4;5;6;""
1;2;2,4;1;0;3;0;0;5;""
2;4;1,7;1;2;3;0;0;5;""
4;1;;1;0;0;4;5;5;""
1;3;2;0;0;3;0;0;5;""
1;3;2;1;2;0;4;0;5;""
2;1;1,9;1;0;0;0;0;5;""
4;1;;0;2;0;0;0;5;""
1;3;2,5;0;0;3;0;0;5;""
2;4;2,7;1;2;3;0;0;6;""
1;2;2,2;1;2;0;0;0;4;""
2;1;2,5;1;0;0;4;0;5;""
1;3;2,7;1;0;3;0;0;5;""
1;3;3,1;1;2;3;4;0;4;""
3;3;;1;0;3;0;5;2;""
2;4;1,9;0;2;0;0;0;5;""
2;1;3;1;0;3;0;0;5;""
2;1;2,1;1;2;3;0;0;6;""
3;2;;1;0;0;4;0;5;""
2;1;2,6;1;0;3;4;0;2;""
1;3;2,3;1;2;3;0;0;5;""
2;4;2,1;1;0;3;4;0;2;""
2;4;1,6;1;0;3;0;5;6;""
1;3;2,6;1;0;3;0;0;4;""
4;1;;0;0;0;4;0;6;""
1;2;2,8;1;0;0;0;5;6;""
2;1;3,1;0;0;3;4;0;5;""
2;1;2,5;1;0;0;0;0;4;""
3;3;;1;0;3;0;5;5;"Exercitation occaecat ullamco laboris. Velit laboris qui tempor cillum in adipiscing occaecat consequat cillum laborum ullamco nisi."
3;3;;1;0;3;0;0;5;""
2;1;3,1;0;2;3;0;0;4;""
3;2;;1;0;3;4;0;6;""
1;2;2,2;1;0;3;0;0;5;""
2;1;2,3;1;2;3;4;0;3;""
4;1;;1;0;3;4;0;5;""
3;3;;1;0;3;0;0;5;""
2;4;2;1;0;3;0;0;5;""
4;4;;1;2;3;0;0;3;""
2;4;1;1;0;3;4;0;5;""
2;4;3,4;1;0;0;0;0;3;""
4;1;;1;0;0;0;0;6;""
2;4;1,8;1;0;0;0;0;4;""
1;3;1,6;0;0;0;0;5;1;""
4;4;;1;2;0;0;0;6;""
4;1;;0;0;0;0;0;5;""
1;3;1,5;1;2;3;4;0;5;""
3;2;;0;0;0;0;0;;""
4;1;;1;0;0;0;0;2;""
3;2;;1;0;0;0;0;2;""
2;1;1,9;0;2;0;4;0;4;"Anim qui dolor laboris sint ex sed et culpa enim reprehenderit sunt. Enim culpa magna in nisi duis dolor ad nisi tempor aliquip voluptate. Sunt sed culpa sit est incididunt ullamco."
1;2;1,9;1;2;0;4;0;4;""
2;4;2,4;1;2;0;0;0;5;""
3;2;;1;2;0;0;0;5;""
2;4;2;1;2;3;0;0;5;""
3;3;;1;0;3;0;0;6;""
1;3;2,4;1;0;3;0;0;6;""
4;1;;1;0;0;4;0;5;"Lorem ipsum dolor sit amet."
1;3;2;1;0;3;4;0;4;""
4;1;;1;2;0;4;0;1;""
2;4;2,5;1;0;3;4;0;5;"Non voluptate id ex sint amet id laboris."
4;4;;1;0;0;4;0;6;""
4;1;;1;2;0;0;0;3;""
2;4;1,9;1;0;0;0;0;4;""
4;4;;1;0;0;0;0;4;"Duis adipiscing reprehenderit velit consectetur lorem amet esse quis anim veniam exercitation ut. Pariatur in qui adipiscing."
2;4;1,8;1;0;0;4;0;0;""
2;4;2,2;1;0;3;4;0;3;""
4;1;;1;0;0;0;0;5;""
1;3;1,1;1;0;0;0;0;4;""
3;2;;0;0;0;0;0;6;""
2;1;2,7;1;2;0;0;5;5;""
2;4;2,5;1;2;3;4;0;5;""
2;1;2,2;1;0;0;0;0;5;""
1;2;1,7;1;2;3;0;0;5;"Eiusmod mollit voluptate laboris ex minim tempor aute consequat dolor nulla pariatur amet sint. Reprehenderit cillum exercitation ex aliquip laborum tempor fugiat id esse occaecat commodo aute."
1;3;2;1;2;0;0;0;2;""
1;2;1,9;1;2;0;0;0;5;""
3;2;;1;0;3;0;0;4;""
2;1;2;0;0;3;0;5;4;""
1;2;1,5;0;0;0;0;0;3;""
1;3;2,2;0;0;3;4;0;4;""
2;1;1,4;1;0;3;0;0;1;""
1;2;2,7;1;2;3;0;0;5;""
3;3;;1;0;0;0;0;5;""
3;3;;0;0;0;4;5;5;""
1;3;2,5;1;0;0;0;0;6;""
2;4;2;1;0;3;0;0;5;""
4;4;;1;0;0;0;0;5;""
1;2;2,4;1;0;0;4;0;1;""
2;1;3;0;0;3;4;0;6;""
4;1;;1;2;0;4;0;5;""
4;4;;1;0;0;0;0;2;""
1;3;2,2;1;2;0;0;0;4;""
2;1;2,2;1;0;3;0;0;2;""
2;1;2,1;1;0;0;0;0;;""
2;1;3,1;0;0;0;0;0;4;"Et officia duis pariatur sed duis sed sint sint. Commodo ad dolor quis voluptate incididunt."
1;2;2,8;1;0;0;0;0;6;""
2;4;2,6;1;2;3;0;0;4;""
3;2;;1;0;0;0;0;6;""
2;1;2,5;1;0;0;0;0;5;""
1;3;1,6;1;0;0;4;0;5;""
2;1;2,3;0;0;0;0;0;2;""
3;2;;0;2;0;0;0;4;""
2;4;1,9;1;2;0;0;0;2;""
2;1;2,2;1;2;3;4;0;4;""
2;1;2,2;0;2;3;4;0;5;""
1;2;2,8;1;2;0;0;0;5;""
2;1;1,7;1;0;3;0;0;5;""
1;2;3;1;0;3;4;0;3;""
1;2;1;1;2;3;0;0;3;""
2;1;2,4;0;0;0;4;0;5;""
4;4;;1;2;3;0;0;4;""
2;4;1,6;1;2;3;0;0;4;""
2;1;2,3;1;0;0;0;0;4;""
4;1;;1;0;0;0;0;4;""
4;1;;1;2;0;0;0;6;""
1;3;2;1;2;3;0;0;3;""
2;1;1,3;1;2;0;0;0;6;""
1;2;2;0;2;3;0;0;5;""
4;1;;1;0;0;0;0;3;""
1;3;3,3;1;0;0;0;0;5;""
1;2;1,9;1;0;0;4;0;5;""
4;4;;1;0;0;4;0;4;""
1;2;1,9;0;0;3;4;0;0;""
2;4;2,9;1;0;0;0;0;1;""
3;3;;1;0;3;4;0;5;""
4;1;;1;0;3;0;0;3;""
4;1;;1;2;0;0;0;2;""
2;1;1,7;0;0;0;0;0;4;""
1;3;2,1;0;0;0;0;5;4;""
4;4;;1;0;3;0;0;4;""
4;4;;1;0;0;0;0;5;""
4;1;;1;2;0;0;0;5;""
3;3;;0;2;3;0;0;4;""
4;1;;1;0;3;0;0;5;""
3;2;;1;0;3;0;0;5;""
2;4;2,3;1;0;3;0;0;4;""
1;2;2,5;1;0;3;0;0;2;""
1;3;1,8;1;0;0;0;0;3;""
4;1;;1;2;0;0;0;6;""
4;1;;1;0;3;0;0;4;""
2;1;1,7;0;0;3;0;0;2;""
2;1;2,3;1;2;0;0;0;5;""
3;3;;1;0;0;0;0;5;""
3;3;;0;0;0;0;0;3;"Quis aliqua nulla amet id fugiat ea voluptate voluptate aliqua sint nisi amet qui. Excepteur ut exercitation aute. Sint dolore ex sit."
1;2;2;1;0;3;4;0;4;""
1;2;2,4;0;0;0;0;5;5;""
1;2;1,6;0;2;3;4;0;4;""
3;2;;0;0;0;0;0;2;""
1;3;2,6;1;0;3;0;0;4;""
3;2;;1;2;3;0;5;3;""
2;1;1,4;1;0;3;4;0;6;""
1;2;1,9;1;0;3;0;0;4;""
1;2;2,1;1;0;3;0;0;5;""
4;4;;1;2;0;0;0;2;""
1;3;2,1;1;0;3;0;0;4;""
1;2;1,7;1;0;3;0;0;4;""
4;4;;1;2;3;0;0;4;""
3;2;;0;0;3;0;0;4;""
2;4;2,7;1;0;0;0;0;3;""
1;2;2,8;1;2;0;0;0;6;"Commodo qui ea dolore eiusmod tempor ipsum ullamco duis consequat. Nulla anim ea exercitation mollit elit."
2;4;2,6;1;0;3;0;0;4;""
1;2;1,7;1;2;3;0;0;5;"Sit eiusmod nisi laboris in exercitation magna. Officia laboris ipsum aliqua irure sint qui cupidatat officia veniam dolor."
2;4;2,6;0;2;0;0;0;5;"Sint fugiat velit ipsum sint incididunt sunt. Sit fugiat ipsum occaecat nulla laboris et sint ullamco anim anim quis amet sit. Pariatur pariatur sunt ullamco esse quis velit qui ad est irure ullamco."
1;2;2,1;0;2;0;0;0;4;""
3;2;;1;0;0;0;5;5;""
3;2;;1;0;3;0;0;4;""
1;3;1,7;1;2;3;0;0;4;""
2;1;2,5;1;0;3;0;0;5;""
2;1;1,6;0;2;3;4;0;5;""
2;4;2,3;0;0;0;4;0;4;""
1;2;1;1;2;0;0;5;2;""
1;2;2,7;1;2;3;4;5;4;""
2;4;2;1;2;3;0;0;6;""
2;1;2,3;1;0;0;0;0;5;""
3;3;;1;2;0;0;0;6;""
4;1;;1;0;0;4;0;5;""
3;3;;1;0;0;4;0;6;"Est elit ea ea nulla aliquip sit. Consectetur elit culpa non amet velit consectetur minim cillum voluptate eiusmod aute irure. Labore est consectetur et excepteur laborum exercitation consequat veniam."
2;4;2,6;1;0;3;0;0;5;"Lorem ipsum dolor sit amet."
4;1;;1;2;0;0;0;4;""
1;2;3;1;2;0;4;0;5;""
2;1;2,7;1;0;0;0;0;4;""
1;2;1,8;1;0;3;0;0;2;""
1;2;2,4;1;2;0;0;0;4;""
2;1;2,5;1;0;3;0;0;3;""
2;1;2,4;1;0;0;4;0;4;""
2;1;1,7;1;0;3;0;0;4;""
1;3;1,8;1;0;3;4;0;5;""
2;1;2,3;1;2;0;0;0;5;""
4;1;;1;0;3;0;0;4;""
1;3;3;0;0;0;4;0;6;"Do irure anim irure ullamco sit aliquip voluptate aute mollit veniam mollit id non."
2;1;2,6;1;2;0;0;0;3;""
2;1;2,6;0;2;0;4;5;5;""
1;2;2,8;1;0;0;4;0;5;"Non veniam voluptate non ea mollit dolore veniam reprehenderit ea deserunt."
2;1;1,1;0;2;0;4;0;4;""
2;1;3,1;0;2;3;4;0;3;""
4;4;;1;0;3;0;0;5;""
3;3;;1;2;3;0;0;5;""
4;1;;1;0;3;0;0;5;""
4;1;;1;0;3;0;0;5;""
1;2;1,1;1;0;3;0;0;4;""
1;2;1,6;1;0;3;0;0;6;""
2;1;2,1;0;0;3;0;0;3;""
4;1;;1;0;0;0;0;2;""
4;4;;1;0;3;0;0;2;""
2;1;2,1;1;0;0;0;0;6;""
4;1;;1;2;0;0;0;3;""
2;1;3,1;1;2;0;0;0;4;""
2;4;3,4;0;0;0;4;0;2;""
3;2;;1;0;0;0;0;5;""
2;1;2,1;1;0;3;0;0;3;""
4;4;;1;2;3;4;0;5;""
4;1;;0;0;0;0;0;3;""
1;3;1,8;1;2;0;4;0;5;""
1;3;2,4;0;0;3;0;0;4;""
1;2;1,6;1;0;3;4;0;5;""
4;4;;1;0;0;0;0;5;""
4;1;;1;0;3;0;0;4;""
4;1;;1;2;3;0;0;3;""
3;2;;1;0;3;0;0;4;""
2;1;2,6;1;0;3;0;0;5;""
2;4;3,1;1;0;0;0;0;3;""
1;2;1,9;1;0;0;0;0;4;""
4;4;;1;2;3;0;0;5;""
4;4;;0;0;0;0;0;0;""
2;1;3;1;2;3;4;0;4;""
4;4;;1;0;3;0;0;6;""
2;4;2,2;1;0;3;0;0;6;""
3;2;;1;2;0;0;0;0;""
4;1;;1;2;0;0;0;5;""
1;2;2,8;1;0;0;0;0;5;""
4;1;;1;0;0;4;0;3;""
1;2;2,2;1;0;0;0;0;4;""
4;1;;1;0;0;0;5;5;""
4;1;;0;0;3;0;0;5;""
3;3;;1;0;3;0;0;3;""
2;1;1,8;1;2;0;4;0;4;""
4;1;;1;0;0;0;0;4;""
3;2;;1;0;0;0;0;;""
2;1;2,4;1;2;3;0;0;0;""
3;2;;0;0;3;0;0;2;""
4;1;;1;2;0;0;0;5;""
2;4;2,5;0;0;3;0;5;5;""
3;3;;1;0;0;0;5;5;""
1;2;1,6;1;2;0;0;0;5;""
4;4;;1;0;0;0;0;5;""
3;2;;0;2;0;0;0;5;""
2;1;2,3;1;2;3;4;0;4;""
2;4;2,1;1;2;0;0;0;5;""
